ID,Name,Num_Question,NumberFile,Path,Version
X-0001,Incomplete Sentences 01,40,2,https://github.com/kendycuongx9/Toeic/blob/Part5New/Part5_01.zip?raw=true,1
X-0002,Incomplete Sentences 02,40,2,https://github.com/kendycuongx9/Toeic/blob/Part5New/Part5_02.zip?raw=true,1
X-0003,Incomplete Sentences 03,40,2,https://github.com/kendycuongx9/Toeic/blob/Part5New/Part5_03.zip?raw=true,1
X-0004,Incomplete Sentences 04,40,2,https://github.com/kendycuongx9/Toeic/blob/Part5New/Part5_04.zip?raw=true,1
X-0005,Incomplete Sentences 05,40,2,https://github.com/kendycuongx9/Toeic/blob/Part5New/Part5_05.zip?raw=true,1
X-0006,Incomplete Sentences 06,40,2,https://github.com/kendycuongx9/Toeic/blob/Part5New/Part5_06.zip?raw=true,1
X-0007,Incomplete Sentences 07,40,2,https://github.com/kendycuongx9/Toeic/blob/Part5New/Part5_07.zip?raw=true,1
X-0008,Incomplete Sentences 08,40,2,https://github.com/kendycuongx9/Toeic/blob/Part5New/Part5_08.zip?raw=true,1
X-0009,Incomplete Sentences 09,40,2,https://github.com/kendycuongx9/Toeic/blob/Part5New/Part5_09.zip?raw=true,1
X-0010,Incomplete Sentences 10,40,2,https://github.com/kendycuongx9/Toeic/blob/Part5New/Part5_10.zip?raw=true,1
X-0011,Incomplete Sentences 11,40,2,https://github.com/kendycuongx9/Toeic/blob/Part5New/Part5_11.zip?raw=true,1
X-0012,Incomplete Sentences 12,40,2,https://github.com/kendycuongx9/Toeic/blob/Part5New/Part5_12.zip?raw=true,1
X-0013,Incomplete Sentences 13,40,2,https://github.com/kendycuongx9/Toeic/blob/Part5New/Part5_13.zip?raw=true,1
X-0014,Incomplete Sentences 14,40,2,https://github.com/kendycuongx9/Toeic/blob/Part5New/Part5_14.zip?raw=true,1
X-0015,Incomplete Sentences 15,40,2,https://github.com/kendycuongx9/Toeic/blob/Part5New/Part5_15.zip?raw=true,1
X-0016,Incomplete Sentences 16,40,2,https://github.com/kendycuongx9/Toeic/blob/Part5New/Part5_16.zip?raw=true,1
X-0017,Incomplete Sentences 17,40,2,https://github.com/kendycuongx9/Toeic/blob/Part5New/Part5_17.zip?raw=true,1
X-0018,Incomplete Sentences 18,40,2,https://github.com/kendycuongx9/Toeic/blob/Part5New/Part5_18.zip?raw=true,1
X-0019,Incomplete Sentences 19,40,2,https://github.com/kendycuongx9/Toeic/blob/Part5New/Part5_19.zip?raw=true,1
X-0020,Incomplete Sentences 20,40,2,https://github.com/kendycuongx9/Toeic/blob/Part5New/Part5_20.zip?raw=true,1
X-0021,Incomplete Sentences 21,40,2,https://github.com/kendycuongx9/Toeic/blob/Part5New/Part5_21.zip?raw=true,1
X-0022,Incomplete Sentences 22,40,2,https://github.com/kendycuongx9/Toeic/blob/Part5New/Part5_22.zip?raw=true,1
X-0023,Incomplete Sentences 23,40,2,https://github.com/kendycuongx9/Toeic/blob/Part5New/Part5_23.zip?raw=true,1
X-0024,Incomplete Sentences 24,40,2,https://github.com/kendycuongx9/Toeic/blob/Part5New/Part5_24.zip?raw=true,1
X-0025,Incomplete Sentences 25,40,2,https://github.com/kendycuongx9/Toeic/blob/Part5New/Part5_25.zip?raw=true,1
X-0026,Incomplete Sentences 26,40,2,https://github.com/kendycuongx9/Toeic/blob/Part5New/Part5_26.zip?raw=true,1
X-0027,Incomplete Sentences 27,40,2,https://github.com/kendycuongx9/Toeic/blob/Part5New/Part5_27.zip?raw=true,1
X-0028,Incomplete Sentences 28,40,2,https://github.com/kendycuongx9/Toeic/blob/Part5New/Part5_28.zip?raw=true,1
X-0029,Incomplete Sentences 29,40,2,https://github.com/kendycuongx9/Toeic/blob/Part5New/Part5_29.zip?raw=true,1
X-0030,Incomplete Sentences 30,40,2,https://github.com/kendycuongx9/Toeic/blob/Part5New/Part5_30.zip?raw=true,1
