ID,Name,Num_Question,Num_file,Path,Version
Z-0001,Reading Comprehension 01,48,5,https://github.com/kendycuongx9/Toeic/blob/Part7New/Part7_01.zip?raw=true,1
Z-0002,Reading Comprehension 02,48,5,https://github.com/kendycuongx9/Toeic/blob/Part7New/Part7_02.zip?raw=true,1
Z-0003,Reading Comprehension 03,48,5,https://github.com/kendycuongx9/Toeic/blob/Part7New/Part7_03.zip?raw=true,1
Z-0004,Reading Comprehension 04,48,5,https://github.com/kendycuongx9/Toeic/blob/Part7New/Part7_04.zip?raw=true,1
Z-0005,Reading Comprehension 05,48,5,https://github.com/kendycuongx9/Toeic/blob/Part7New/Part7_05.zip?raw=true,1
