ID,Name,Num_Question,NumberFile,Path,Version
Y-0001,Text Completion 01,12,5,https://github.com/kendycuongx9/Toeic/blob/Part6New/Part6_01.zip?raw=true,1
Y-0002,Text Completion 02,12,5,https://github.com/kendycuongx9/Toeic/blob/Part6New/Part6_02.zip?raw=true,1
Y-0003,Text Completion 03,12,5,https://github.com/kendycuongx9/Toeic/blob/Part6New/Part6_03.zip?raw=true,1
Y-0004,Text Completion 04,12,5,https://github.com/kendycuongx9/Toeic/blob/Part6New/Part6_04.zip?raw=true,1
Y-0005,Text Completion 05,12,5,https://github.com/kendycuongx9/Toeic/blob/Part6New/Part6_05.zip?raw=true,1
Y-0006,Text Completion 06,12,5,https://github.com/kendycuongx9/Toeic/blob/Part6New/Part6_06.zip?raw=true,1
Y-0007,Text Completion 07,12,5,https://github.com/kendycuongx9/Toeic/blob/Part6New/Part6_07.zip?raw=true,1
Y-0008,Text Completion 08,12,5,https://github.com/kendycuongx9/Toeic/blob/Part6New/Part6_08.zip?raw=true,1
Y-0009,Text Completion 09,12,5,https://github.com/kendycuongx9/Toeic/blob/Part6New/Part6_09.zip?raw=true,1
Y-0010,Text Completion 10,12,5,https://github.com/kendycuongx9/Toeic/blob/Part6New/Part6_10.zip?raw=true,1
Y-0011,Text Completion 11,12,5,https://github.com/kendycuongx9/Toeic/blob/Part6New/Part6_11.zip?raw=true,1
Y-0012,Text Completion 12,12,5,https://github.com/kendycuongx9/Toeic/blob/Part6New/Part6_12.zip?raw=true,1
Y-0013,Text Completion 13,12,5,https://github.com/kendycuongx9/Toeic/blob/Part6New/Part6_13.zip?raw=true,1
Y-0014,Text Completion 14,12,5,https://github.com/kendycuongx9/Toeic/blob/Part6New/Part6_14.zip?raw=true,1
Y-0015,Text Completion 15,12,5,https://github.com/kendycuongx9/Toeic/blob/Part6New/Part6_15.zip?raw=true,1
Y-0016,Text Completion 16,12,5,https://github.com/kendycuongx9/Toeic/blob/Part6New/Part6_16.zip?raw=true,1
Y-0017,Text Completion 17,12,5,https://github.com/kendycuongx9/Toeic/blob/Part6New/Part6_17.zip?raw=true,1
Y-0018,Text Completion 18,12,5,https://github.com/kendycuongx9/Toeic/blob/Part6New/Part6_18.zip?raw=true,1
Y-0019,Text Completion 19,12,5,https://github.com/kendycuongx9/Toeic/blob/Part6New/Part6_19.zip?raw=true,1
Y-0020,Text Completion 20,12,5,https://github.com/kendycuongx9/Toeic/blob/Part6New/Part6_20.zip?raw=true,1
