ID,Name,Num_Question,AmountFile,Path,Version
A-0001,Photographs 01,10,12,https://github.com/kendycuongx9/Toeic/blob/Part1/Part1_01.zip?raw=true,1
A-0002,Photographs 02,8,10,https://github.com/kendycuongx9/Toeic/blob/Part1/Part1_02.zip?raw=true,1
A-0003,Photographs 03,8,10,https://github.com/kendycuongx9/Toeic/blob/Part1/Part1_03.zip?raw=true,1
A-0004,Photographs 04,8,10,https://github.com/kendycuongx9/Toeic/blob/Part1/Part1_04.zip?raw=true,1
A-0005,Photographs 05,8,10,https://github.com/kendycuongx9/Toeic/blob/Part1/Part1_05.zip?raw=true,1
A-0006,Photographs 06,8,10,https://github.com/kendycuongx9/Toeic/blob/Part1/Part1_06.zip?raw=true,1
A-0007,Photographs 07,10,12,https://github.com/kendycuongx9/Toeic/blob/Part1/Part1_07.zip?raw=true,1
A-0008,Photographs 08,10,12,https://github.com/kendycuongx9/Toeic/blob/Part1/Part1_08.zip?raw=true,1
A-0009,Photographs 09,10,12,https://github.com/kendycuongx9/Toeic/blob/Part1/Part1_09.zip?raw=true,1
A-0010,Photographs 10,10,12,https://github.com/kendycuongx9/Toeic/blob/Part1/Part1_10.zip?raw=true,1
A-0011,Photographs 11,10,12,https://github.com/kendycuongx9/Toeic/blob/Part1/Part1_11.zip?raw=true,1
A-0012,Photographs 12,10,12,https://github.com/kendycuongx9/Toeic/blob/Part1/Part1_11.zip?raw=true,1
A-0013,Photographs 13,10,12,https://github.com/kendycuongx9/Toeic/blob/Part1/Part1_11.zip?raw=true,1
A-0014,Photographs 14,10,12,https://github.com/kendycuongx9/Toeic/blob/Part1/Part1_11.zip?raw=true,1
A-0015,Photographs 15,10,12,https://github.com/kendycuongx9/Toeic/blob/Part1/Part1_11.zip?raw=true,1
A-0016,Photographs 16,10,12,https://github.com/kendycuongx9/Toeic/blob/Part1/Part1_11.zip?raw=true,1
A-0017,Photographs 17,10,12,https://github.com/kendycuongx9/Toeic/blob/Part1/Part1_11.zip?raw=true,1
A-0018,Photographs 18,10,12,https://github.com/kendycuongx9/Toeic/blob/Part1/Part1_11.zip?raw=true,1
A-0019,Photographs 19,10,12,https://github.com/kendycuongx9/Toeic/blob/Part1/Part1_11.zip?raw=true,1
A-0020,Photographs 20,10,12,https://github.com/kendycuongx9/Toeic/blob/Part1/Part1_11.zip?raw=true,1
A-0021,Photographs 21,10,12,https://github.com/kendycuongx9/Toeic/blob/Part1/Part1_11.zip?raw=true,2
A-0022,Photographs 22,10,12,https://github.com/kendycuongx9/Toeic/blob/Part1/Part1_11.zip?raw=true,3
A-0023,Photographs 23,10,12,https://github.com/kendycuongx9/Toeic/blob/Part1/Part1_11.zip?raw=true,4
A-0024,Photographs 24,10,12,https://github.com/kendycuongx9/Toeic/blob/Part1/Part1_11.zip?raw=true,5
A-0025,Photographs 25,10,12,https://github.com/kendycuongx9/Toeic/blob/Part1/Part1_11.zip?raw=true,6
B-0001,Question and Response 01,30,2,https://github.com/kendycuongx9/Toeic/blob/Part2/Part2_01.zip?raw=true,1
B-0002,Question and Response 02,30,2,https://github.com/kendycuongx9/Toeic/blob/Part2/Part2_02.zip?raw=true,1
B-0003,Question and Response 03,30,2,https://github.com/kendycuongx9/Toeic/blob/Part2/Part2_03.zip?raw=true,1
B-0004,Question and Response 04,30,2,https://github.com/kendycuongx9/Toeic/blob/Part2/Part2_04.zip?raw=true,1
B-0005,Question and Response 05,30,2,https://github.com/kendycuongx9/Toeic/blob/Part2/Part2_05.zip?raw=true,1
B-0006,Question and Response 06,30,2,https://github.com/kendycuongx9/Toeic/blob/Part2/Part2_06.zip?raw=true,1
B-0007,Question and Response 06,30,2,https://github.com/kendycuongx9/Toeic/blob/Part2/Part2_07.zip?raw=true,1
B-0008,Question and Response 07,30,2,https://github.com/kendycuongx9/Toeic/blob/Part2/Part2_07.zip?raw=true,1
B-0009,Question and Response 08,30,2,https://github.com/kendycuongx9/Toeic/blob/Part2/Part2_07.zip?raw=true,1
B-0010,Question and Response 09,30,2,https://github.com/kendycuongx9/Toeic/blob/Part2/Part2_07.zip?raw=true,1
B-0011,Question and Response 10,30,2,https://github.com/kendycuongx9/Toeic/blob/Part2/Part2_07.zip?raw=true,1
B-0012,Question and Response 11,30,2,https://github.com/kendycuongx9/Toeic/blob/Part2/Part2_07.zip?raw=true,1
B-0013,Question and Response 12,30,2,https://github.com/kendycuongx9/Toeic/blob/Part2/Part2_07.zip?raw=true,1
B-0014,Question and Response 13,30,2,https://github.com/kendycuongx9/Toeic/blob/Part2/Part2_07.zip?raw=true,1
B-0015,Question and Response 14,30,2,https://github.com/kendycuongx9/Toeic/blob/Part2/Part2_07.zip?raw=true,1
B-0016,Question and Response 15,30,2,https://github.com/kendycuongx9/Toeic/blob/Part2/Part2_07.zip?raw=true,2
B-0017,Question and Response 16,30,2,https://github.com/kendycuongx9/Toeic/blob/Part2/Part2_07.zip?raw=true,3
B-0018,Question and Response 17,30,2,https://github.com/kendycuongx9/Toeic/blob/Part2/Part2_07.zip?raw=true,4
B-0019,Question and Response 18,30,2,https://github.com/kendycuongx9/Toeic/blob/Part2/Part2_07.zip?raw=true,5
B-0020,Question and Response 19,30,2,https://github.com/kendycuongx9/Toeic/blob/Part2/Part2_07.zip?raw=true,6
C-0001,Conversation 01,30,12,https://github.com/kendycuongx9/Toeic/blob/Part3/Part3_01.zip?raw=true,1
C-0002,Conversation 02,30,12,https://github.com/kendycuongx9/Toeic/blob/Part3/Part3_02.zip?raw=true,1
C-0003,Conversation 03,30,12,https://github.com/kendycuongx9/Toeic/blob/Part3/Part3_03.zip?raw=true,1
C-0004,Conversation 03,30,12,https://github.com/kendycuongx9/Toeic/blob/Part3/Part3_03.zip?raw=true,1
C-0005,Conversation 03,30,12,https://github.com/kendycuongx9/Toeic/blob/Part3/Part3_03.zip?raw=true,1
C-0006,Conversation 04,30,12,https://github.com/kendycuongx9/Toeic/blob/Part3/Part3_03.zip?raw=true,1
C-0007,Conversation 05,30,12,https://github.com/kendycuongx9/Toeic/blob/Part3/Part3_03.zip?raw=true,1
C-0008,Conversation 06,30,12,https://github.com/kendycuongx9/Toeic/blob/Part3/Part3_03.zip?raw=true,1
C-0009,Conversation 07,30,12,https://github.com/kendycuongx9/Toeic/blob/Part3/Part3_03.zip?raw=true,1
C-0010,Conversation 08,30,12,https://github.com/kendycuongx9/Toeic/blob/Part3/Part3_03.zip?raw=true,1
C-0011,Conversation 09,30,12,https://github.com/kendycuongx9/Toeic/blob/Part3/Part3_03.zip?raw=true,1
D-0001,Short talks 01,30,12,https://github.com/kendycuongx9/Toeic/blob/Part4/Part4_01.zip?raw=true,1
D-0002,Short talks 02,30,12,https://github.com/kendycuongx9/Toeic/blob/Part4/Part4_02.zip?raw=true,1
D-0003,Short talks 03,30,12,https://github.com/kendycuongx9/Toeic/blob/Part4/Part4_03.zip?raw=true,1
D-0004,Short talks 03,30,12,https://github.com/kendycuongx9/Toeic/blob/Part4/Part4_04.zip?raw=true,1
D-0005,Short talks 03,30,12,https://github.com/kendycuongx9/Toeic/blob/Part4/Part4_05.zip?raw=true,1
D-0006,Short talks 04,30,12,https://github.com/kendycuongx9/Toeic/blob/Part4/Part4_05.zip?raw=true,1
D-0007,Short talks 05,30,12,https://github.com/kendycuongx9/Toeic/blob/Part4/Part4_05.zip?raw=true,1
D-0008,Short talks 06,30,12,https://github.com/kendycuongx9/Toeic/blob/Part4/Part4_05.zip?raw=true,1
D-0009,Short talks 07,30,12,https://github.com/kendycuongx9/Toeic/blob/Part4/Part4_05.zip?raw=true,1
D-0010,Short talks 08,30,12,https://github.com/kendycuongx9/Toeic/blob/Part4/Part4_05.zip?raw=true,1
D-0011,Short talks 09,30,12,https://github.com/kendycuongx9/Toeic/blob/Part4/Part4_05.zip?raw=true,1
X-0001,Incomplete Sentences 01,40,1,https://github.com/kendycuongx9/Toeic/blob/Part5/Part5_01.zip?raw=true,1
X-0002,Incomplete Sentences 02,40,1,https://github.com/kendycuongx9/Toeic/blob/Part5/Part5_01.zip?raw=true,1
X-0003,Incomplete Sentences 03,40,1,https://github.com/kendycuongx9/Toeic/blob/Part5/Part5_01.zip?raw=true,1
X-0004,Incomplete Sentences 04,40,1,https://github.com/kendycuongx9/Toeic/blob/Part5/Part5_01.zip?raw=true,1
X-0005,Incomplete Sentences 05,40,1,https://github.com/kendycuongx9/Toeic/blob/Part5/Part5_01.zip?raw=true,1
X-0006,Incomplete Sentences 06,40,1,https://github.com/kendycuongx9/Toeic/blob/Part5/Part5_01.zip?raw=true,1
X-0007,Incomplete Sentences 07,40,1,https://github.com/kendycuongx9/Toeic/blob/Part5/Part5_01.zip?raw=true,1
X-0008,Incomplete Sentences 08,40,1,https://github.com/kendycuongx9/Toeic/blob/Part5/Part5_01.zip?raw=true,1
X-0009,Incomplete Sentences 09,40,1,https://github.com/kendycuongx9/Toeic/blob/Part5/Part5_01.zip?raw=true,1
X-0010,Incomplete Sentences 10,40,1,https://github.com/kendycuongx9/Toeic/blob/Part5/Part5_01.zip?raw=true,1
X-0011,Incomplete Sentences 11,40,1,https://github.com/kendycuongx9/Toeic/blob/Part5/Part5_01.zip?raw=true,1
X-0012,Incomplete Sentences 12,40,1,https://github.com/kendycuongx9/Toeic/blob/Part5/Part5_01.zip?raw=true,1
X-0013,Incomplete Sentences 13,40,1,https://github.com/kendycuongx9/Toeic/blob/Part5/Part5_01.zip?raw=true,1
X-0014,Incomplete Sentences 14,40,1,https://github.com/kendycuongx9/Toeic/blob/Part5/Part5_01.zip?raw=true,1
X-0015,Incomplete Sentences 15,40,1,https://github.com/kendycuongx9/Toeic/blob/Part5/Part5_01.zip?raw=true,1
X-0016,Incomplete Sentences 16,40,1,https://github.com/kendycuongx9/Toeic/blob/Part5/Part5_01.zip?raw=true,2
X-0017,Incomplete Sentences 17,40,1,https://github.com/kendycuongx9/Toeic/blob/Part5/Part5_01.zip?raw=true,3
X-0018,Incomplete Sentences 18,40,1,https://github.com/kendycuongx9/Toeic/blob/Part5/Part5_01.zip?raw=true,4
X-0019,Incomplete Sentences 19,40,1,https://github.com/kendycuongx9/Toeic/blob/Part5/Part5_01.zip?raw=true,5
X-0020,Incomplete Sentences 20,40,1,https://github.com/kendycuongx9/Toeic/blob/Part5/Part5_01.zip?raw=true,6
Y-0001,Text Completion 01,12,5,https://github.com/kendycuongx9/Toeic/blob/Part6/Part6_01.zip?raw=true,1
Y-0002,Text Completion 02,12,5,https://github.com/kendycuongx9/Toeic/blob/Part6/Part6_01.zip?raw=true,1
Y-0003,Text Completion 03,12,5,https://github.com/kendycuongx9/Toeic/blob/Part6/Part6_01.zip?raw=true,1
Y-0004,Text Completion 04,12,5,https://github.com/kendycuongx9/Toeic/blob/Part6/Part6_01.zip?raw=true,1
Y-0005,Text Completion 05,12,5,https://github.com/kendycuongx9/Toeic/blob/Part6/Part6_01.zip?raw=true,1
Y-0006,Text Completion 06,12,5,https://github.com/kendycuongx9/Toeic/blob/Part6/Part6_01.zip?raw=true,1
Y-0007,Text Completion 07,12,5,https://github.com/kendycuongx9/Toeic/blob/Part6/Part6_01.zip?raw=true,1
Y-0008,Text Completion 08,12,5,https://github.com/kendycuongx9/Toeic/blob/Part6/Part6_01.zip?raw=true,1
Y-0009,Text Completion 09,12,5,https://github.com/kendycuongx9/Toeic/blob/Part6/Part6_01.zip?raw=true,1
Y-0010,Text Completion 10,12,5,https://github.com/kendycuongx9/Toeic/blob/Part6/Part6_01.zip?raw=true,1
Z-0001,Reading Comprehension 01,12,5,https://github.com/kendycuongx9/Toeic/blob/Part7/Part7_01.zip?raw=true,1
Z-0002,Reading Comprehension 02,12,5,https://github.com/kendycuongx9/Toeic/blob/Part7/Part7_02.zip?raw=true,1
Z-0003,Reading Comprehension 03,12,5,https://github.com/kendycuongx9/Toeic/blob/Part7/Part7_02.zip?raw=true,1
Z-0004,Reading Comprehension 04,12,5,https://github.com/kendycuongx9/Toeic/blob/Part7/Part7_02.zip?raw=true,1
Z-0005,Reading Comprehension 05,12,5,https://github.com/kendycuongx9/Toeic/blob/Part7/Part7_02.zip?raw=true,1
Z-0006,Reading Comprehension 06,12,5,https://github.com/kendycuongx9/Toeic/blob/Part7/Part7_02.zip?raw=true,1
Z-0007,Reading Comprehension 07,12,5,https://github.com/kendycuongx9/Toeic/blob/Part7/Part7_02.zip?raw=true,1
Z-0008,Reading Comprehension 08,12,5,https://github.com/kendycuongx9/Toeic/blob/Part7/Part7_02.zip?raw=true,1
E-0001,Listening Test 01,100,20,https://github.com/kendycuongx9/Toeic/blob/Listening/LC_01.zip?raw=true,1
E-0002,Listening Test 02,100,20,https://github.com/kendycuongx9/Toeic/blob/Listening/LC_02.zip?raw=true,1
E-0003,Listening Test 03,100,20,https://github.com/kendycuongx9/Toeic/blob/Listening/LC_03.zip?raw=true,1
E-0004,Listening Test 04,100,20,https://github.com/kendycuongx9/Toeic/blob/Listening/LC_04.zip?raw=true,1
E-0005,Listening Test 05,100,20,https://github.com/kendycuongx9/Toeic/blob/Listening/LC_05.zip?raw=true,1
F-0001,Reading Test 01,100,10,https://github.com/kendycuongx9/Toeic/blob/Reading/RC_01.zip?raw=true,1
F-0002,Reading Test 02,100,10,https://github.com/kendycuongx9/Toeic/blob/Reading/RC_02.zip?raw=true,1
F-0003,Reading Test 03,100,10,https://github.com/kendycuongx9/Toeic/blob/Reading/RC_03.zip?raw=true,1
F-0004,Reading Test 04,100,10,https://github.com/kendycuongx9/Toeic/blob/Reading/RC_04.zip?raw=true,1
F-0005,Reading Test 05,100,10,https://github.com/kendycuongx9/Toeic/blob/Reading/RC_05.zip?raw=true,1
F-0006,Reading Test 06,100,10,https://github.com/kendycuongx9/Toeic/blob/Reading/RC_05.zip?raw=true,1
F-0007,Reading Test 07,100,10,https://github.com/kendycuongx9/Toeic/blob/Reading/RC_05.zip?raw=true,1
T-0001,Test 01,200,49,https://github.com/kendycuongx9/Toeic/blob/master/Test_01.zip?raw=true,1
T-0002,Test 02,200,49,https://github.com/kendycuongx9/Toeic/blob/master/Test_02.zip?raw=true,1
T-0003,Test 03,200,49,https://github.com/kendycuongx9/Toeic/blob/master/Test_03.zip?raw=true,1
T-0004,Test 04,200,49,https://github.com/kendycuongx9/Toeic/blob/master/Test_04.zip?raw=true,1
T-0005,Test 05,200,49,https://github.com/kendycuongx9/Toeic/blob/master/Test_05.zip?raw=true,1
T-0006,Test 06,200,49,https://github.com/kendycuongx9/Toeic/blob/master/Test_05.zip?raw=true,1
T-0007,Test 07,200,49,https://github.com/kendycuongx9/Toeic/blob/master/Test_05.zip?raw=true,1
