ID,Name,Num_Question,Audio,Path,Version
T-0001,Test 01,200,48,https://github.com/kendycuongx9/Toeic/blob/Test/Test_01.zip?raw=true,1
T-0002,Test 02,200,48,https://github.com/kendycuongx9/Toeic/blob/Test/Test_02.zip?raw=true,1
T-0003,Test 03,200,48,https://github.com/kendycuongx9/Toeic/blob/Test/Test_03.zip?raw=true,1
T-0004,Test 04,200,48,https://github.com/kendycuongx9/Toeic/blob/Test/Test_04.zip?raw=true,1
T-0005,Test 05,200,48,https://github.com/kendycuongx9/Toeic/blob/Test/Test_05.zip?raw=true,1
