ID,Name,Num_Question,NumberFile,Path,Version
C-0001,Conversation 01,30,12,https://github.com/kendycuongx9/Toeic/blob/Part3/Part3_01.zip?raw=true,1
C-0002,Conversation 02,30,12,https://github.com/kendycuongx9/Toeic/blob/Part3/Part3_02.zip?raw=true,1
C-0003,Conversation 03,30,12,https://github.com/kendycuongx9/Toeic/blob/Part3/Part3_03.zip?raw=true,1
C-0004,Conversation 04,30,12,https://github.com/kendycuongx9/Toeic/blob/Part3/Part3_04.zip?raw=true,1
C-0005,Conversation 05,30,12,https://github.com/kendycuongx9/Toeic/blob/Part3/Part3_05.zip?raw=true,1
C-0006,Conversation 06,30,12,https://github.com/kendycuongx9/Toeic/blob/Part3/Part3_06.zip?raw=true,1
C-0007,Conversation 07,30,12,https://github.com/kendycuongx9/Toeic/blob/Part3/Part3_07.zip?raw=true,1
C-0008,Conversation 08,30,12,https://github.com/kendycuongx9/Toeic/blob/Part3/Part3_08.zip?raw=true,1
C-0009,Conversation 09,30,12,https://github.com/kendycuongx9/Toeic/blob/Part3/Part3_09.zip?raw=true,1
C-0010,Conversation 10,30,12,https://github.com/kendycuongx9/Toeic/blob/Part3/Part3_10.zip?raw=true,1
