ID,Name,Num_Question,AmountFile,Path,Version
A-0001,Photographs 01,10,12,https://github.com/kendycuongx9/Toeic/blob/Part1/Part1_01.zip?raw=true,1
A-0002,Photographs 02,8,10,https://github.com/kendycuongx9/Toeic/blob/Part1/Part1_02.zip?raw=true,1
A-0003,Photographs 03,8,10,https://github.com/kendycuongx9/Toeic/blob/Part1/Part1_03.zip?raw=true,1
A-0004,Photographs 04,8,10,https://github.com/kendycuongx9/Toeic/blob/Part1/Part1_04.zip?raw=true,1
A-0005,Photographs 05,8,10,https://github.com/kendycuongx9/Toeic/blob/Part1/Part1_05.zip?raw=true,1
A-0006,Photographs 06,8,10,https://github.com/kendycuongx9/Toeic/blob/Part1/Part1_06.zip?raw=true,1
A-0007,Photographs 07,10,12,https://github.com/kendycuongx9/Toeic/blob/Part1/Part1_07.zip?raw=true,1
A-0008,Photographs 08,10,12,https://github.com/kendycuongx9/Toeic/blob/Part1/Part1_08.zip?raw=true,1
A-0009,Photographs 09,10,12,https://github.com/kendycuongx9/Toeic/blob/Part1/Part1_09.zip?raw=true,1
A-0010,Photographs 10,10,12,https://github.com/kendycuongx9/Toeic/blob/Part1/Part1_10.zip?raw=true,1
A-0011,Photographs 11,10,12,https://github.com/kendycuongx9/Toeic/blob/Part1/Part1_11.zip?raw=true,1
A-0012,Photographs 12,10,12,https://github.com/kendycuongx9/Toeic/blob/Part1/Part1_12.zip?raw=true,1
A-0013,Photographs 13,10,12,https://github.com/kendycuongx9/Toeic/blob/Part1/Part1_13.zip?raw=true,1
A-0014,Photographs 14,10,12,https://github.com/kendycuongx9/Toeic/blob/Part1/Part1_14.zip?raw=true,1
A-0015,Photographs 15,10,12,https://github.com/kendycuongx9/Toeic/blob/Part1/Part1_15.zip?raw=true,1
A-0016,Photographs 16,10,12,https://github.com/kendycuongx9/Toeic/blob/Part1/Part1_16.zip?raw=true,1
A-0017,Photographs 17,10,12,https://github.com/kendycuongx9/Toeic/blob/Part1/Part1_17.zip?raw=true,1
A-0018,Photographs 18,10,12,https://github.com/kendycuongx9/Toeic/blob/Part1/Part1_18.zip?raw=true,1
A-0019,Photographs 19,10,12,https://github.com/kendycuongx9/Toeic/blob/Part1/Part1_19.zip?raw=true,1
A-0020,Photographs 20,10,12,https://github.com/kendycuongx9/Toeic/blob/Part1/Part1_20.zip?raw=true,1
