ID,Name,Num_Question,NumberFile,Path,Version
Y-0001,Text Completion 01,12,5,https://github.com/kendycuongx9/Toeic/blob/Part6New/Part6_01.zip?raw=true,1
Y-0002,Text Completion 02,12,5,https://github.com/kendycuongx9/Toeic/blob/Part6New/Part6_02.zip?raw=true,1
Y-0003,Text Completion 03,12,5,https://github.com/kendycuongx9/Toeic/blob/Part6New/Part6_03.zip?raw=true,1
Y-0004,Text Completion 04,12,5,https://github.com/kendycuongx9/Toeic/blob/Part6New/Part6_04.zip?raw=true,1
Y-0005,Text Completion 05,12,5,https://github.com/kendycuongx9/Toeic/blob/Part6New/Part6_05.zip?raw=true,1
Y-0006,Text Completion 06,12,5,https://github.com/kendycuongx9/Toeic/blob/Part6New/Part6_06.zip?raw=true,1
Y-0007,Text Completion 07,12,5,https://github.com/kendycuongx9/Toeic/blob/Part6New/Part6_07.zip?raw=true,1
Y-0008,Text Completion 08,12,5,https://github.com/kendycuongx9/Toeic/blob/Part6New/Part6_08.zip?raw=true,1
Y-0009,Text Completion 09,12,5,https://github.com/kendycuongx9/Toeic/blob/Part6New/Part6_09.zip?raw=true,1
Y-0010,Text Completion 10,12,5,https://github.com/kendycuongx9/Toeic/blob/Part6New/Part6_10.zip?raw=true,1
