ID,CountChild,ParentId,Photo,Transcript,Text,Content,AnswerA,AnswerB,AnswerC,AnswerD,Correct
X-P30-101,1,,,,,,she,her,hers,herself,B
X-P30-102,1,,,,,,on,from,by,in,B
X-P30-103,1,,,,,,type,will type,was typing,to type,D
X-P30-104,1,,,,,,or,and,yet,if,B
X-P30-105,1,,,,,,More,Over,Higher,Further,B
X-P30-106,1,,,,,,always,nearly,well,for,A
X-P30-107,1,,,,,,success,successful,successfully,successes,C
X-P30-108,1,,,,,,between,through,after,out,C
X-P30-109,1,,,,,,directs,directed,direction,directly,C
X-P30-110,1,,,,,,attend,attendance,were attending,attendee,A
X-P30-111,1,,,,,,into,until,among,without,D
X-P30-112,1,,,,,,procedures,developments,categories,qualifications,A
X-P30-113,1,,,,,,value,valuable,valuably,valuing,B
X-P30-114,1,,,,,,produced,assembled,equipped,delivered,D
X-P30-115,1,,,,,,equal,equally,equaled,equality,B
X-P30-116,1,,,,,,proposed,commented,regarded,expressed,D
X-P30-117,1,,,,,,expected,expecting,expectation,expect,A
X-P30-118,1,,,,,,present,scheme,series,progression,C
X-P30-119,1,,,,,,funding,funds,funded,found,C
X-P30-120,1,,,,,,refund,purchase,limit,registration,A
X-P30-121,1,,,,,,implementation,implements,implemented,implementing,C
X-P30-122,1,,,,,,probable,responsible,trusting,powerful,B
X-P30-123,1,,,,,,competitor,competitiveness,competitive,competitively,B
X-P30-124,1,,,,,,Who,When,Why,Which,B
X-P30-125,1,,,,,,our,ours,us,we,C
X-P30-126,1,,,,,,canceled,productive,initial,impartial,C
X-P30-127,1,,,,,,careful,carefully,more careful,carefulness,B
X-P30-128,1,,,,,,obtain,define,recall,inquire,A
X-P30-129,1,,,,,,so,such,ones,some,D
X-P30-130,1,,,,,,freely,extremely,definitely,usually,C
X-P30-131,1,,,,,,as ,of,for,with,B
X-P30-132,1,,,,,,Because,After,Now that,Even if,B
X-P30-133,1,,,,,,kind,kindly,kindlier,kinder,B
X-P30-134,1,,,,,,unfolded,outstanding,reversing,inscribed,B
X-P30-135,1,,,,,,most of,too much,all the more,many more,C
X-P30-136,1,,,,,,rapidly,securely,carefully,anxiously,A
X-P30-137,1,,,,,,frequented,frequently,frequent,frequency,C
X-P30-138,1,,,,,,economy,deposit,finance,placement,B
X-P30-139,1,,,,,,them,theirs,their own,themselves,C
X-P30-140,1,,,,,,estimating,unfolding,discontinuing,solving,C
