ID,Name,Num_Question,NumberFile,Path
X-0001,Incomplete Sentences 01,40,2,https://github.com/kendycuongx9/Toeic/blob/Part5_v1/Part5_01.zip?raw=true
X-0002,Incomplete Sentences 02,40,2,https://github.com/kendycuongx9/Toeic/blob/Part5_v1/Part5_02.zip?raw=true
X-0003,Incomplete Sentences 03,40,2,https://github.com/kendycuongx9/Toeic/blob/Part5_v1/Part5_03.zip?raw=true
X-0004,Incomplete Sentences 04,40,2,https://github.com/kendycuongx9/Toeic/blob/Part5_v1/Part5_04.zip?raw=true
X-0005,Incomplete Sentences 05,40,2,https://github.com/kendycuongx9/Toeic/blob/Part5_v1/Part5_05.zip?raw=true
X-0006,Incomplete Sentences 06,40,2,https://github.com/kendycuongx9/Toeic/blob/Part5_v1/Part5_06.zip?raw=true
X-0007,Incomplete Sentences 07,40,2,https://github.com/kendycuongx9/Toeic/blob/Part5_v1/Part5_07.zip?raw=true
X-0008,Incomplete Sentences 08,40,2,https://github.com/kendycuongx9/Toeic/blob/Part5_v1/Part5_08.zip?raw=true
X-0009,Incomplete Sentences 09,40,2,https://github.com/kendycuongx9/Toeic/blob/Part5_v1/Part5_09.zip?raw=true
X-0010,Incomplete Sentences 10,40,2,https://github.com/kendycuongx9/Toeic/blob/Part5_v1/Part5_10.zip?raw=true
X-0011,Incomplete Sentences 11,40,2,https://github.com/kendycuongx9/Toeic/blob/Part5_v1/Part5_11.zip?raw=true
X-0012,Incomplete Sentences 12,40,2,https://github.com/kendycuongx9/Toeic/blob/Part5_v1/Part5_12.zip?raw=true
X-0013,Incomplete Sentences 13,40,2,https://github.com/kendycuongx9/Toeic/blob/Part5_v1/Part5_13.zip?raw=true
X-0014,Incomplete Sentences 14,40,2,https://github.com/kendycuongx9/Toeic/blob/Part5_v1/Part5_14.zip?raw=true
X-0015,Incomplete Sentences 15,40,2,https://github.com/kendycuongx9/Toeic/blob/Part5_v1/Part5_15.zip?raw=true
