ID,Name,Num_Question,AmountFile,Path
E-0001,Listening Test 01,100,20,https://github.com/kendycuongx9/Toeic/blob/Listening/LC_01.zip?raw=true
E-0002,Listening Test 02,100,20,https://github.com/kendycuongx9/Toeic/blob/Listening/LC_02.zip?raw=true
E-0003,Listening Test 03,100,20,https://github.com/kendycuongx9/Toeic/blob/Listening/LC_03.zip?raw=true
E-0004,Listening Test 04,100,20,https://github.com/kendycuongx9/Toeic/blob/Listening/LC_04.zip?raw=true
E-0005,Listening Test 05,100,20,https://github.com/kendycuongx9/Toeic/blob/Listening/LC_05.zip?raw=true
