ID,Name,Num_Question,AmountFile,Path
F-0001,Reading Test 01,100,10,https://github.com/kendycuongx9/Toeic/blob/Reading/RC_01.zip?raw=true
F-0002,Reading Test 02,100,10,https://github.com/kendycuongx9/Toeic/blob/Reading/RC_02.zip?raw=true
F-0003,Reading Test 03,100,10,https://github.com/kendycuongx9/Toeic/blob/Reading/RC_03.zip?raw=true
F-0004,Reading Test 04,100,10,https://github.com/kendycuongx9/Toeic/blob/Reading/RC_04.zip?raw=true
F-0005,Reading Test 05,100,10,https://github.com/kendycuongx9/Toeic/blob/Reading/RC_05.zip?raw=true
