ID,Name,Num_Question,NumberFile,Path
B-0001,Question and Response 01,30,3,https://github.com/kendycuongx9/Toeic/blob/Part2_v1/Part2_01.zip?raw=true
B-0002,Question and Response 02,30,3,https://github.com/kendycuongx9/Toeic/blob/Part2_v1/Part2_02.zip?raw=true
B-0003,Question and Response 03,30,3,https://github.com/kendycuongx9/Toeic/blob/Part2_v1/Part2_03.zip?raw=true
B-0004,Question and Response 04,30,3,https://github.com/kendycuongx9/Toeic/blob/Part2_v1/Part2_04.zip?raw=true
B-0005,Question and Response 05,30,3,https://github.com/kendycuongx9/Toeic/blob/Part2_v1/Part2_05.zip?raw=true
B-0006,Question and Response 06,30,3,https://github.com/kendycuongx9/Toeic/blob/Part2_v1/Part2_06.zip?raw=true
B-0007,Question and Response 07,30,3,https://github.com/kendycuongx9/Toeic/blob/Part2_v1/Part2_07.zip?raw=true
B-0008,Question and Response 08,30,3,https://github.com/kendycuongx9/Toeic/blob/Part2_v1/Part2_08.zip?raw=true
B-0009,Question and Response 09,30,3,https://github.com/kendycuongx9/Toeic/blob/Part2_v1/Part2_09.zip?raw=true
B-0010,Question and Response 10,30,3,https://github.com/kendycuongx9/Toeic/blob/Part2_v1/Part2_10.zip?raw=true
B-0011,Question and Response 11,30,3,https://github.com/kendycuongx9/Toeic/blob/Part2_v1/Part2_11.zip?raw=true
B-0012,Question and Response 12,30,3,https://github.com/kendycuongx9/Toeic/blob/Part2_v1/Part2_12.zip?raw=true
B-0013,Question and Response 13,30,3,https://github.com/kendycuongx9/Toeic/blob/Part2_v1/Part2_13.zip?raw=true
B-0014,Question and Response 14,30,3,https://github.com/kendycuongx9/Toeic/blob/Part2_v1/Part2_14.zip?raw=true
B-0015,Question and Response 15,30,3,https://github.com/kendycuongx9/Toeic/blob/Part2_v1/Part2_15.zip?raw=true
