ID,Name,Num_Question,NumberFile,Path
D-0001,Short talks 01,30,12,https://github.com/kendycuongx9/Toeic/blob/Part4/Part4_01.zip?raw=true
D-0002,Short talks 02,30,12,https://github.com/kendycuongx9/Toeic/blob/Part4/Part4_02.zip?raw=true
D-0003,Short talks 03,30,12,https://github.com/kendycuongx9/Toeic/blob/Part4/Part4_03.zip?raw=true
D-0004,Short talks 04,30,12,https://github.com/kendycuongx9/Toeic/blob/Part4/Part4_04.zip?raw=true
D-0005,Short talks 05,30,12,https://github.com/kendycuongx9/Toeic/blob/Part4/Part4_05.zip?raw=true
D-0006,Short talks 06,30,12,https://github.com/kendycuongx9/Toeic/blob/Part4/Part4_06.zip?raw=true
D-0007,Short talks 07,30,12,https://github.com/kendycuongx9/Toeic/blob/Part4/Part4_07.zip?raw=true
D-0008,Short talks 08,30,12,https://github.com/kendycuongx9/Toeic/blob/Part4/Part4_08.zip?raw=true
D-0009,Short talks 09,30,12,https://github.com/kendycuongx9/Toeic/blob/Part4/Part4_09.zip?raw=true
D-0010,Short talks 10,30,12,https://github.com/kendycuongx9/Toeic/blob/Part4/Part4_10.zip?raw=true
